transaction_id,customer_name,product_name,category,price,quantity,date,payment_method,transaction_date,shipping_city,rating,is_valid_price
TRX00305,Ophelia Hartati,Quo Basic,Buku,50000.0,4,2026-07-13,Kartu Kredit,2026-07-13,Blitar,1.0,True
TRX00500,Cut Maya Wijayanti,Delectus,Elektronik,500000.0,1,2026-07-09,E-Wallet,2026-07-09,Lubuklinggau,,True
TRX00442,"Dr. Ridwan Utama, M.Pd",Animi Max,Elektronik,25000.0,1,2026-08-25,COD,2026-08-25,Probolinggo,2.0,True
TRX00154,"Viman Suwarno, S.H.",Consectetur,Fashion,250000.0,1,27/07/2026,COD,2026-07-27,Tual,4.0,True
TRX00132,Ir. Ilyas Setiawan,Ducimus Pro,Rumah Tangga,250000.0,4,15/09/2026,COD,2026-09-15,Subulussalam,2.0,True
TRX00205,Agnes Najmudin,Dicta Pro,Rumah Tangga,120000.0,1,07/08/2026,E-Wallet,2026-08-07,Batam,2.0,True
TRX00010,"dr. Elisa Uwais, S.I.Kom",Eos Max,Fashion,1200000.0,4,2026-08-17,COD,2026-08-17,Tidak Diketahui,5.0,True
TRX00326,Julia Halimah,Consequuntur Pro,Kesehatan,150000.0,4,2026-08-18,E-Wallet,2026-08-18,Ambon,4.0,True
TRX00248,R.M. Radika Fujiati,Consectetur Lite,Fashion,1200000.0,2,11-09-2026,Transfer Bank,2026-09-11,Palopo,,True
TRX00466,"Cakrabirawa Hidayat, M.TI.",Recusandae Pro,Fashion,50000.0,2,18-06-2026,E-Wallet,2026-06-18,Palembang,2.0,True
TRX00354,Jelita Mangunsong,Harum Basic,Kesehatan,500000.0,1,04-07-2026,E-Wallet,2026-07-04,Bandung,,True
TRX00290,R. Ella Wahyuni,Soluta Lite,Kesehatan,15000.0,3,21-08-2026,COD,2026-08-21,Salatiga,,True
TRX00085,Danang Andriani,Molestias Lite,Elektronik,150000.0,2,07-09-2026,COD,2026-09-07,Tidak Diketahui,3.0,True
TRX00011,"Cawisono Nasyidah, S.H.",Dolorem Max,Buku,500000.0,5,29/07/2026,E-Wallet,2026-07-29,Subulussalam,4.0,True
TRX00325,Mulyono Nuraini,Et,Fashion,50000.0,1,2026-08-14,E-Wallet,2026-08-14,Bengkulu,,True
TRX00079,Dr. Legawa Simanjuntak,Numquam Max,Rumah Tangga,25000.0,1,12/08/2026,Transfer Bank,2026-08-12,Purwokerto,2.0,True
TRX00031,Gabriella Namaga,Delectus Max,Fashion,120000.0,4,22-08-2026,COD,2026-08-22,Kota Administrasi Jakarta Barat,1.0,True
TRX00185,Rahmat Pradipta,Iure Lite,Kesehatan,75000.0,1,2026-08-26,E-Wallet,2026-08-26,Kota Administrasi Jakarta Utara,5.0,True
TRX00196,Ghaliyati Zulkarnain,Labore Pro,Kesehatan,500000.0,5,2026-08-31,E-Wallet,2026-08-31,Padangpanjang,,True
TRX00223,"Ir. Bahuraksa Nugroho, M.Kom.",Officiis Lite,Rumah Tangga,1200000.0,1,24/08/2026,E-Wallet,2026-08-24,Tangerang Selatan,2.0,True
TRX00210,Gasti Mulyani,Cum Max,Buku,750000.0,4,19/07/2026,COD,2026-07-19,Kotamobagu,,True
TRX00282,"R.M. Dasa Lailasari, S.Ked",Magni,Rumah Tangga,500000.0,1,2026-08-06,COD,2026-08-06,Pangkalpinang,1.0,True
TRX00209,Empluk Handayani,Ut Max,Buku,120000.0,5,2026-07-26,E-Wallet,2026-07-26,Padangpanjang,3.0,True
TRX00251,"Gandewa Maulana, S.E.I",Amet,Kesehatan,15000.0,5,2026-07-13,Transfer Bank,2026-07-13,Tanjungpinang,2.0,True
TRX00077,"Puti Victoria Anggraini, S.H.",Dolorum,Fashion,120000.0,1,29-08-2026,COD,2026-08-29,Banjarbaru,,True
TRX00383,T. Rahman Thamrin,Fugiat Max,Kesehatan,120000.0,2,28-08-2026,E-Wallet,2026-08-28,Medan,,True
TRX00343,Paris Tarihoran,Autem Pro,Fashion,500000.0,3,2026-09-08,E-Wallet,2026-09-08,Banjarmasin,,True
TRX00324,"Humaira Mandala, S.IP",Sint Max,Buku,750000.0,4,23-08-2026,Kartu Kredit,2026-08-23,Kota Administrasi Jakarta Barat,,True
TRX00245,Dr. Hari Marpaung,Eligendi Basic,Kesehatan,750000.0,3,29/08/2026,Transfer Bank,2026-08-29,Kota Administrasi Jakarta Pusat,2.0,True
TRX00332,"Drs. Nadia Saputra, S.Kom",Culpa,Elektronik,75000.0,3,2026-07-17,E-Wallet,2026-07-17,Sukabumi,1.0,True
TRX00141,"Puti Malika Lazuardi, S.E.I",Praesentium,Buku,750000.0,5,2026-09-09,Kartu Kredit,2026-09-09,Pekanbaru,1.0,True
TRX00073,Edi Mulyani,Ut Pro,Elektronik,120000.0,2,13-08-2026,E-Wallet,2026-08-13,Bekasi,4.0,True
TRX00401,Erik Zulkarnain,Molestias Lite,Rumah Tangga,25000.0,5,27/08/2026,Transfer Bank,2026-08-27,Samarinda,5.0,True
TRX00488,"Cut Hesti Gunawan, M.Kom.",Maiores Lite,Buku,75000.0,3,22/07/2026,Transfer Bank,2026-07-22,Cirebon,3.0,True
TRX00226,Garan Mayasari,Aut Lite,Olahraga,500000.0,2,15-07-2026,Kartu Kredit,2026-07-15,Bandung,5.0,True
TRX00178,Tirta Nasyiah,Deleniti,Rumah Tangga,120000.0,1,22-07-2026,Kartu Kredit,2026-07-22,Surakarta,,True
TRX00404,Violet Hutagalung,Magni Basic,Fashion,25000.0,5,10-07-2026,Transfer Bank,2026-07-10,Tebingtinggi,4.0,True
TRX00056,Artanto Samosir,Maiores Lite,Kesehatan,250000.0,3,2026-09-06,E-Wallet,2026-09-06,Manado,,True
TRX00406,Warta Widodo,Iusto Max,Rumah Tangga,25000.0,1,2026-09-01,E-Wallet,2026-09-01,Magelang,3.0,True
TRX00299,dr. Fitriani Manullang,Praesentium Pro,Buku,1200000.0,3,15-09-2026,Kartu Kredit,2026-09-15,Payakumbuh,2.0,True
TRX00078,Sutan Vero Maheswara,Odit Basic,Elektronik,150000.0,5,30/06/2026,Kartu Kredit,2026-06-30,Surakarta,1.0,True
TRX00469,"Kiandra Tampubolon, S.Farm",Ipsam Max,Rumah Tangga,25000.0,2,28/08/2026,E-Wallet,2026-08-28,Kota Administrasi Jakarta Utara,,True
TRX00318,Tgk. Kenes Thamrin,Veritatis Basic,Kesehatan,25000.0,3,26/08/2026,Kartu Kredit,2026-08-26,Singkawang,,True
TRX00476,Gasti Gunarto,Assumenda Max,Olahraga,5000000.0,5,11-09-2026,COD,2026-09-11,Pekalongan,2.0,True
TRX00091,Asirwanda Rajata,Modi Basic,Olahraga,15000.0,5,17/07/2026,Transfer Bank,2026-07-17,Madiun,,True
TRX00239,Cahyo Mangunsong,Autem Lite,Kesehatan,50000.0,4,14-07-2026,Kartu Kredit,2026-07-14,Pekalongan,2.0,True
TRX00486,Amelia Mandasari,Reiciendis Pro,Olahraga,1200000.0,5,03-07-2026,Kartu Kredit,2026-07-03,Kota Administrasi Jakarta Pusat,,True
TRX00064,Lembah Fujiati,Laborum Lite,Rumah Tangga,25000.0,5,22/08/2026,COD,2026-08-22,Palangkaraya,5.0,True
TRX00458,Wisnu Manullang,Nulla,Buku,50000.0,5,29/07/2026,E-Wallet,2026-07-29,Dumai,,True
TRX00071,Fathonah Astuti,Repellendus Lite,Kesehatan,1200000.0,3,11-08-2026,COD,2026-08-11,Pangkalpinang,2.0,True
TRX00003,Johan Suartini,Alias,Rumah Tangga,750000.0,4,2026-08-07,E-Wallet,2026-08-07,Jayapura,2.0,True
TRX00288,T. Slamet Hutapea,Explicabo,Elektronik,250000.0,1,2026-07-05,E-Wallet,2026-07-05,Blitar,5.0,True
TRX00342,KH. Mulya Pratama,Expedita Pro,Rumah Tangga,250000.0,5,2026-08-18,Transfer Bank,2026-08-18,Pontianak,5.0,True
TRX00138,Vanya Habibi,Enim Basic,Rumah Tangga,12000000.0,4,2026-07-12,Transfer Bank,2026-07-12,Kotamobagu,,True
TRX00250,Cindy Wahyudin,Et Pro,Olahraga,1200000.0,4,2026-06-20,Kartu Kredit,2026-06-20,Tasikmalaya,3.0,True
TRX00195,Simon Yolanda,Totam Lite,Kesehatan,25000.0,3,04/09/2026,Transfer Bank,2026-09-04,Tidak Diketahui,1.0,True
TRX00173,Paulin Maheswara,Odit Lite,Elektronik,250000.0,3,21-07-2026,Kartu Kredit,2026-07-21,Sawahlunto,2.0,True
TRX00083,Cahyo Maryadi,Eveniet Basic,Rumah Tangga,1200000.0,3,2026-07-22,COD,2026-07-22,Tarakan,4.0,True
TRX00454,Siska Widiastuti,Voluptatem,Elektronik,50000.0,5,20/07/2026,E-Wallet,2026-07-20,Prabumulih,,True
TRX00319,Febi Prayoga,Hic,Fashion,2500000.0,2,2026-08-07,Transfer Bank,2026-08-07,Langsa,1.0,True
TRX00034,Titi Sirait,Corrupti,Elektronik,120000.0,1,10/07/2026,Transfer Bank,2026-07-10,Prabumulih,2.0,True
TRX00427,"Ian Widodo, S.Ked",Sint Basic,Buku,120000.0,4,05-09-2026,Transfer Bank,2026-09-05,Semarang,,True
TRX00228,Drs. Kiandra Hariyah,Repellendus Max,Buku,150000.0,4,2026-08-06,E-Wallet,2026-08-06,Palopo,3.0,True
TRX00001,"Balidin Dongoran, S.T.",Exercitationem Pro,Elektronik,120000.0,2,2026-07-08,Transfer Bank,2026-07-08,Tangerang,1.0,True
TRX00012,"Puti Prasetya, S.Psi",Aspernatur Pro,Elektronik,25000.0,2,08-07-2026,Kartu Kredit,2026-07-08,Lubuklinggau,5.0,True
TRX00238,Ira Najmudin,Error,Kesehatan,500000.0,4,18/07/2026,Kartu Kredit,2026-07-18,Depok,2.0,True
TRX00023,Nurul Budiyanto,Culpa Basic,Rumah Tangga,15000.0,1,09/09/2026,COD,2026-09-09,Kendari,2.0,True
TRX00297,Dewi Santoso,Odio Max,Fashion,500000.0,4,10-07-2026,COD,2026-07-10,Banjarbaru,1.0,True
TRX00102,Ibrahim Nugroho,Quasi,Rumah Tangga,250000.0,4,12-09-2026,Transfer Bank,2026-09-12,Singkawang,3.0,True
TRX00080,Endah Kusmawati,Odio Lite,Olahraga,120000.0,1,2026-07-11,Kartu Kredit,2026-07-11,Subulussalam,2.0,True
TRX00430,Faizah Haryanti,Cum,Buku,120000.0,1,11/07/2026,Kartu Kredit,2026-07-11,Pontianak,3.0,True
TRX00432,Zulfa Haryanti,Sit Max,Olahraga,750000.0,2,03/07/2026,E-Wallet,2026-07-03,Singkawang,2.0,True
TRX00019,"Calista Zulaika, M.Pd",Fugiat Lite,Buku,1200000.0,4,26/08/2026,Kartu Kredit,2026-08-26,Binjai,3.0,True
TRX00177,Arsipatra Firgantoro,Incidunt Basic,Olahraga,500000.0,2,15/09/2026,Kartu Kredit,2026-09-15,Bengkulu,3.0,True
TRX00232,Intan Wibisono,Nemo Pro,Elektronik,120000.0,4,26-08-2026,Kartu Kredit,2026-08-26,Sorong,3.0,True
TRX00133,"Dr. Cornelia Halimah, S.I.Kom",Nemo Lite,Buku,1200000.0,2,17/07/2026,COD,2026-07-17,Cilegon,2.0,True
TRX00040,Gasti Hakim,Repellendus Lite,Fashion,500000.0,1,23-08-2026,COD,2026-08-23,Tidore Kepulauan,,True
TRX00465,"R. Baktiono Sihotang, S.I.Kom",In Pro,Rumah Tangga,1200000.0,4,30-06-2026,E-Wallet,2026-06-30,Sukabumi,2.0,True
TRX00047,Sutan Jono Saptono,Delectus,Kesehatan,500000.0,3,09-09-2026,COD,2026-09-09,Kota Administrasi Jakarta Barat,,True
TRX00358,T. Daruna Permata,Ipsum,Kesehatan,120000.0,3,2026-08-08,Transfer Bank,2026-08-08,Kendari,4.0,True
TRX00278,"T. Niyaga Hassanah, S.Kom",Similique Lite,Kesehatan,120000.0,3,2026-07-13,Kartu Kredit,2026-07-13,Dumai,,True
TRX00363,"R.A. Ifa Megantara, M.M.",Aspernatur Lite,Buku,250000.0,1,07-08-2026,Kartu Kredit,2026-08-07,Sabang,5.0,True
TRX00094,"Bagiya Yulianti, S.Gz",Aliquam Pro,Fashion,25000.0,4,11-09-2026,E-Wallet,2026-09-11,Banda Aceh,5.0,True
TRX00447,Rina Nasyiah,Dolores Max,Elektronik,50000.0,1,2026-07-17,Kartu Kredit,2026-07-17,Kupang,3.0,True
TRX00204,"Radit Santoso, S.Ked",Ducimus Max,Olahraga,250000.0,5,12-07-2026,COD,2026-07-12,Makassar,3.0,True
TRX00149,"Prima Yulianti, S.E.I",Possimus Basic,Elektronik,150000.0,3,2026-09-12,Transfer Bank,2026-09-12,Pekalongan,4.0,True
TRX00221,Sutan Utama Tampubolon,Laudantium Basic,Kesehatan,750000.0,1,22/08/2026,E-Wallet,2026-08-22,Kendari,3.0,True
TRX00070,"Ellis Susanti, M.Farm",Incidunt Max,Rumah Tangga,75000.0,4,24/07/2026,Transfer Bank,2026-07-24,Langsa,4.0,True
TRX00254,"T. Dasa Sihombing, S.IP",Architecto Basic,Elektronik,15000.0,2,09/07/2026,Kartu Kredit,2026-07-09,Batam,,True
TRX00399,Puti Puspita,Quam Pro,Buku,25000.0,4,24/07/2026,Transfer Bank,2026-07-24,Bekasi,2.0,True
TRX00168,dr. Uchita Mustofa,Consectetur Pro,Buku,750000.0,2,07/09/2026,Transfer Bank,2026-09-07,Tidore Kepulauan,4.0,True
TRX00276,Karta Utama,Nam,Olahraga,750000.0,4,16/07/2026,Kartu Kredit,2026-07-16,Kota Administrasi Jakarta Barat,5.0,True
TRX00321,Kemal Wastuti,Quisquam,Buku,5000000.0,2,2026-07-22,Kartu Kredit,2026-07-22,Malang,,True
TRX00330,"drg. Winda Lailasari, S.E.",Illum Lite,Fashion,25000.0,2,2026-09-04,Kartu Kredit,2026-09-04,Langsa,5.0,True
TRX00174,Yuni Uyainah,Minima Max,Kesehatan,150000.0,3,2026-06-27,COD,2026-06-27,Parepare,4.0,True
TRX00273,Samsul Sudiati,Veritatis Basic,Elektronik,1200000.0,5,27-08-2026,Kartu Kredit,2026-08-27,Blitar,,True
TRX00496,"Cut Juli Adriansyah, S.Sos",Inventore Lite,Olahraga,1200000.0,2,27/06/2026,COD,2026-06-27,Padangpanjang,2.0,True
TRX00183,"Dr. Cornelia Wijayanti, S.Kom",Temporibus Lite,Olahraga,120000.0,4,2026-08-14,E-Wallet,2026-08-14,Banjarbaru,,True
TRX00269,Janet Jailani,Beatae Lite,Rumah Tangga,250000.0,2,17/07/2026,COD,2026-07-17,Lhokseumawe,5.0,True
TRX00353,"Dt. Emin Hariyah, M.Pd",Nisi Pro,Buku,15000.0,1,04/08/2026,Kartu Kredit,2026-08-04,Kota Administrasi Jakarta Barat,4.0,True
TRX00118,Belinda Permata,Suscipit,Rumah Tangga,50000.0,4,18/08/2026,Kartu Kredit,2026-08-18,Bukittinggi,,True
TRX00394,"Empluk Hartati, M.Kom.",Eum,Fashion,15000.0,1,2026-07-20,COD,2026-07-20,Palangkaraya,5.0,True
TRX00333,Tina Nashiruddin,Accusantium Max,Kesehatan,50000.0,1,23/08/2026,E-Wallet,2026-08-23,Salatiga,,True
TRX00456,Pia Permata,Delectus,Kesehatan,12000000.0,2,07/08/2026,E-Wallet,2026-08-07,Makassar,,True
TRX00445,Rosman Rahmawati,Voluptas Max,Olahraga,25000.0,3,19/07/2026,Kartu Kredit,2026-07-19,Cimahi,2.0,True
TRX00357,"Aurora Wacana, M.M.",Eveniet Basic,Fashion,150000.0,1,2026-08-05,E-Wallet,2026-08-05,Bogor,,True
TRX00087,H. Oman Palastri,Sed Max,Elektronik,25000.0,2,06-09-2026,COD,2026-09-06,Jayapura,2.0,True
TRX00439,"Dr. Nurul Marbun, S.Pt",Recusandae Pro,Olahraga,250000.0,5,20/06/2026,Transfer Bank,2026-06-20,Kupang,3.0,True
TRX00076,"Kiandra Lailasari, S.Sos",Exercitationem,Olahraga,120000.0,1,01/07/2026,E-Wallet,2026-07-01,Tomohon,,True
TRX00452,Mahesa Iswahyudi,Necessitatibus,Fashion,250000.0,3,2026-08-03,Transfer Bank,2026-08-03,Tanjungbalai,,True
TRX00016,Cahyo Melani,Possimus,Elektronik,250000.0,4,2026-06-26,COD,2026-06-26,Binjai,3.0,True
TRX00211,"Mustika Rahayu, M.Kom.",Qui Max,Kesehatan,25000.0,5,17/08/2026,COD,2026-08-17,Jayapura,3.0,True
TRX00181,"Kartika Pratama, M.M.",Numquam Pro,Olahraga,500000.0,5,11/09/2026,COD,2026-09-11,Bengkulu,1.0,True
TRX00398,Vanya Saputra,Corporis Pro,Rumah Tangga,120000.0,5,29-06-2026,Transfer Bank,2026-06-29,Palangkaraya,1.0,True
TRX00020,Maya Manullang,Odit Pro,Olahraga,75000.0,5,2026-06-18,Transfer Bank,2026-06-18,Pekalongan,1.0,True
TRX00341,Jaeman Sudiati,Minima Basic,Kesehatan,500000.0,1,25-07-2026,E-Wallet,2026-07-25,Tomohon,3.0,True
TRX00057,Mahmud Prayoga,Vel Lite,Elektronik,5000000.0,4,27-06-2026,Kartu Kredit,2026-06-27,Solok,4.0,True
TRX00279,Cahya Hidayanto,Odio Basic,Kesehatan,25000.0,3,03-07-2026,Transfer Bank,2026-07-03,Bekasi,1.0,True
TRX00468,"Ilyas Pratama, S.Pt",Consequuntur Lite,Fashion,500000.0,5,30-06-2026,E-Wallet,2026-06-30,Semarang,2.0,True
TRX00155,"Niyaga Januar, M.M.",Doloremque Lite,Olahraga,25000.0,3,19-08-2026,COD,2026-08-19,Banjar,,True
TRX00026,Drs. Indra Prabowo,Quis Basic,Elektronik,50000.0,4,24/08/2026,COD,2026-08-24,Tasikmalaya,3.0,True
TRX00266,Humaira Maheswara,Maxime Lite,Rumah Tangga,1200000.0,4,27/07/2026,Transfer Bank,2026-07-27,Tidore Kepulauan,,True
TRX00043,Wardaya Purnawati,Expedita Max,Kesehatan,5000000.0,5,2026-08-09,Transfer Bank,2026-08-09,Solok,5.0,True
TRX00313,Ella Novitasari,Suscipit,Kesehatan,500000.0,4,2026-08-21,E-Wallet,2026-08-21,Bontang,5.0,True
TRX00413,Dina Usada,Incidunt Basic,Kesehatan,750000.0,3,2026-07-09,E-Wallet,2026-07-09,Tasikmalaya,,True
TRX00457,"Prabowo Hardiansyah, S.Gz",Consequuntur Max,Fashion,1200000.0,5,13/08/2026,COD,2026-08-13,Banda Aceh,,True
TRX00285,Ihsan Hastuti,Vero Basic,Olahraga,50000.0,3,03-08-2026,E-Wallet,2026-08-03,Purwokerto,1.0,True
TRX00127,Asmuni Marbun,Inventore Basic,Elektronik,25000.0,3,2026-08-10,E-Wallet,2026-08-10,Palembang,5.0,True
TRX00335,Tgk. Bakianto Wacana,Velit Pro,Olahraga,120000.0,1,2026-06-26,E-Wallet,2026-06-26,Pariaman,2.0,True
TRX00032,"drg. Respati Wasita, S.Kom",Consequatur Pro,Rumah Tangga,25000.0,1,26-06-2026,COD,2026-06-26,Manado,1.0,True
TRX00114,Ghaliyati Tarihoran,Dolorum Basic,Olahraga,250000.0,1,2026-07-15,COD,2026-07-15,Kota Administrasi Jakarta Utara,,True
TRX00256,Erik Aryani,A Max,Olahraga,150000.0,2,2026-08-12,E-Wallet,2026-08-12,Samarinda,,True
TRX00219,drg. Paramita Hutapea,Nam Basic,Buku,120000.0,2,04-09-2026,COD,2026-09-04,Jayapura,,True
TRX00417,Maryadi Widiastuti,Libero,Olahraga,1200000.0,3,2026-07-02,Transfer Bank,2026-07-02,Salatiga,3.0,True
TRX00058,"Eva Prakasa, S.E.",Dolorum Basic,Olahraga,15000.0,5,05/09/2026,Transfer Bank,2026-09-05,Cirebon,4.0,True
TRX00397,Jamalia Tarihoran,Corrupti Basic,Elektronik,75000.0,2,2026-06-26,Transfer Bank,2026-06-26,Palembang,3.0,True
TRX00025,"Dr. Pranata Mahendra, S.E.I",Unde Basic,Olahraga,25000.0,1,2026-07-30,E-Wallet,2026-07-30,Kota Administrasi Jakarta Selatan,2.0,True
TRX00018,Rina Hastuti,Quia Lite,Fashion,1200000.0,5,10/07/2026,Kartu Kredit,2026-07-10,Tangerang Selatan,,True
TRX00193,Atmaja Mahendra,Harum Max,Rumah Tangga,750000.0,4,13/08/2026,Transfer Bank,2026-08-13,Metro,4.0,True
TRX00067,Betania Widiastuti,Iure Max,Olahraga,500000.0,3,13-08-2026,COD,2026-08-13,Tebingtinggi,4.0,True
TRX00287,R.M. Gadang Marbun,Dolorem,Buku,50000.0,5,17/07/2026,COD,2026-07-17,Malang,4.0,True
TRX00423,Cinta Farida,Voluptatem Max,Olahraga,500000.0,4,28/07/2026,Kartu Kredit,2026-07-28,Langsa,4.0,True
TRX00095,R. Halima Mahendra,Pariatur Max,Rumah Tangga,1200000.0,4,17/08/2026,E-Wallet,2026-08-17,Pangkalpinang,5.0,True
TRX00312,Hani Yolanda,Repellendus Pro,Elektronik,250000.0,1,2026-08-08,Transfer Bank,2026-08-08,Sawahlunto,4.0,True
TRX00369,Vicky Suryono,Modi Pro,Olahraga,250000.0,3,29/07/2026,COD,2026-07-29,Lhokseumawe,5.0,True
TRX00024,Dimas Purnawati,Beatae Lite,Olahraga,1200000.0,2,2026-06-25,COD,2026-06-25,Batam,1.0,True
TRX00272,"Dt. Bahuraksa Winarsih, S.Sos",Maiores Basic,Buku,12000000.0,2,2026-08-03,COD,2026-08-03,Bandar Lampung,,True
TRX00300,Najwa Damanik,Consectetur Basic,Kesehatan,2500000.0,3,11-09-2026,E-Wallet,2026-09-11,Kendari,3.0,True
TRX00374,Ir. Warsa Sirait,Facere Max,Elektronik,500000.0,1,25-08-2026,Kartu Kredit,2026-08-25,Tebingtinggi,5.0,True
TRX00006,Harjasa Kuswoyo,Magnam Max,Olahraga,75000.0,1,02-09-2026,E-Wallet,2026-09-02,Banjar,,True
TRX00117,Aslijan Ramadan,Perferendis Pro,Kesehatan,1200000.0,1,2026-06-28,E-Wallet,2026-06-28,Padang,,True
TRX00046,"Eja Haryanti, S.Psi",Aut Lite,Kesehatan,5000000.0,1,18-06-2026,COD,2026-06-18,Batu,3.0,True
TRX00186,"R. Diah Namaga, S.T.",Doloribus,Kesehatan,1200000.0,5,27-06-2026,Transfer Bank,2026-06-27,Blitar,,True
TRX00017,Lutfan Manullang,Vero Lite,Elektronik,75000.0,5,2026-07-25,Kartu Kredit,2026-07-25,Meulaboh,5.0,True
TRX00478,"Kawaca Nasyiah, M.Ak",Dolor Basic,Buku,50000.0,1,12/07/2026,E-Wallet,2026-07-12,Bau-Bau,,True
TRX00368,"drg. Vinsen Prasasta, M.Ak",Voluptatibus Pro,Buku,500000.0,1,2026-07-06,E-Wallet,2026-07-06,Purwokerto,1.0,True
TRX00004,Rini Setiawan,Ab Lite,Kesehatan,25000.0,1,2026-08-25,COD,2026-08-25,Tanjungpinang,,True
TRX00235,Hj. Dinda Tampubolon,Ipsa Lite,Olahraga,75000.0,1,13-09-2026,COD,2026-09-13,Blitar,5.0,True
TRX00385,"Raden Hutapea, S.Gz",Consectetur Basic,Rumah Tangga,15000.0,5,24/07/2026,E-Wallet,2026-07-24,Purwokerto,4.0,True
TRX00061,Yuni Pradana,Et Pro,Elektronik,500000.0,2,2026-06-20,Transfer Bank,2026-06-20,Padang,4.0,True
TRX00111,"Mutia Saputra, S.Pd",Explicabo Lite,Buku,250000.0,1,08/07/2026,Transfer Bank,2026-07-08,Lubuklinggau,1.0,True
TRX00410,Indah Wijaya,Maiores,Elektronik,50000.0,4,2026-06-28,Kartu Kredit,2026-06-28,Semarang,,True
TRX00421,Jayadi Jailani,Impedit,Olahraga,50000.0,4,25-07-2026,Transfer Bank,2026-07-25,Binjai,5.0,True
TRX00030,Satya Sitompul,Aut,Fashion,15000.0,5,03/08/2026,COD,2026-08-03,Surakarta,,True
TRX00275,Mustika Hartati,Maxime,Elektronik,500000.0,3,2026-07-21,Transfer Bank,2026-07-21,Samarinda,,True
TRX00303,Teguh Saptono,Maiores Lite,Elektronik,500000.0,3,25/08/2026,Transfer Bank,2026-08-25,Banjar,4.0,True
TRX00027,Lalita Winarsih,Totam Basic,Buku,1200000.0,2,21/07/2026,E-Wallet,2026-07-21,Bitung,5.0,True
TRX00008,dr. Ratih Nababan,Voluptatibus Max,Buku,25000.0,5,24-06-2026,E-Wallet,2026-06-24,Yogyakarta,,True
TRX00182,"Gading Palastri, S.I.Kom",Assumenda Pro,Buku,50000.0,4,23-07-2026,Transfer Bank,2026-07-23,Bitung,4.0,True
TRX00109,Emil Prasetya,Necessitatibus Max,Elektronik,500000.0,3,19-08-2026,Transfer Bank,2026-08-19,Surabaya,,True
TRX00038,Harjasa Adriansyah,Molestias Lite,Olahraga,15000.0,3,11/07/2026,E-Wallet,2026-07-11,Kotamobagu,,True
TRX00158,Bahuwirya Suryatmi,Modi,Buku,15000.0,3,12-08-2026,Kartu Kredit,2026-08-12,Payakumbuh,,True
TRX00482,Nugraha Mandala,Voluptates,Kesehatan,75000.0,1,19-06-2026,E-Wallet,2026-06-19,Malang,,True
TRX00119,"Drs. Warta Sihombing, S.Pt",Expedita Max,Fashion,1200000.0,4,28/06/2026,Transfer Bank,2026-06-28,Sibolga,,True
TRX00115,Asmadi Puspasari,Illum Max,Olahraga,500000.0,3,19-08-2026,E-Wallet,2026-08-19,Subulussalam,5.0,True
TRX00267,Kiandra Sirait,Ea Basic,Olahraga,75000.0,4,2026-08-01,COD,2026-08-01,Medan,,True
TRX00176,Makara Hariyah,Voluptates Basic,Olahraga,500000.0,5,15/07/2026,Transfer Bank,2026-07-15,Binjai,3.0,True
TRX00422,"R. Kamaria Saragih, S.Psi",Odit Basic,Olahraga,50000.0,5,27-08-2026,E-Wallet,2026-08-27,Malang,5.0,True
TRX00350,Edison Wasita,Ducimus Lite,Fashion,15000.0,5,26-08-2026,Transfer Bank,2026-08-26,Medan,,True
TRX00145,Tari Salahudin,Repudiandae Lite,Elektronik,25000.0,5,09/08/2026,COD,2026-08-09,Bukittinggi,,True
TRX00381,H. Endra Nasyiah,Illo Basic,Kesehatan,750000.0,4,19-06-2026,Kartu Kredit,2026-06-19,Cirebon,,True
TRX00392,"H. Cahyono Hutapea, M.TI.",Laborum Max,Fashion,50000.0,5,22/06/2026,Transfer Bank,2026-06-22,Kediri,4.0,True
TRX00212,Rahayu Hakim,Ab Pro,Kesehatan,25000.0,3,06-07-2026,COD,2026-07-06,Yogyakarta,,True
TRX00322,"KH. Cakrabuana Siregar, S.Gz",Illo Pro,Olahraga,250000.0,1,2026-09-11,E-Wallet,2026-09-11,Malang,4.0,True
TRX00495,Wardi Wasita,Alias Basic,Kesehatan,15000.0,1,08/07/2026,Transfer Bank,2026-07-08,Subulussalam,3.0,True
TRX00142,"Humaira Agustina, M.Kom.",Optio Basic,Elektronik,250000.0,5,09-07-2026,Kartu Kredit,2026-07-09,Meulaboh,1.0,True
TRX00377,Salman Hutagalung,Velit,Rumah Tangga,500000.0,4,22/06/2026,E-Wallet,2026-06-22,Padang Sidempuan,,True
TRX00068,Ophelia Saragih,Vel Pro,Rumah Tangga,250000.0,4,24/07/2026,E-Wallet,2026-07-24,Tanjungpinang,3.0,True
TRX00409,Unjani Usada,Porro Lite,Elektronik,500000.0,5,13-09-2026,Kartu Kredit,2026-09-13,Madiun,3.0,True
TRX00169,Ellis Pangestu,Delectus Lite,Buku,250000.0,5,2026-08-27,Transfer Bank,2026-08-27,Pontianak,,True
TRX00434,Hardi Megantara,Quaerat Pro,Kesehatan,1200000.0,2,2026-07-22,COD,2026-07-22,Samarinda,,True
TRX00229,"Drs. Martana Nainggolan, S.Psi",Sed Pro,Olahraga,15000.0,1,2026-07-30,COD,2026-07-30,Banjarmasin,,True
TRX00194,Drs. Ida Hasanah,Quae Basic,Rumah Tangga,75000.0,3,11/08/2026,COD,2026-08-11,Tanjungpinang,4.0,True
TRX00082,Nasab Suwarno,Ex Pro,Fashion,75000.0,3,2026-07-12,E-Wallet,2026-07-12,Probolinggo,1.0,True
TRX00110,dr. Nabila Puspasari,Quia Max,Fashion,250000.0,2,18-07-2026,COD,2026-07-18,Manado,,True
TRX00429,"Yessi Haryanto, M.Farm",Corporis Max,Fashion,15000.0,3,2026-08-28,E-Wallet,2026-08-28,Mataram,2.0,True
TRX00146,Paulin Laksmiwati,Laborum Lite,Fashion,250000.0,2,2026-07-17,E-Wallet,2026-07-17,Palu,,True
TRX00093,"Puti Nadine Budiyanto, M.Pd",Asperiores Basic,Elektronik,15000.0,5,15-09-2026,E-Wallet,2026-09-15,Jayapura,4.0,True
TRX00153,"Nasim Laksita, M.Pd",Amet Pro,Buku,2500000.0,1,2026-08-12,Kartu Kredit,2026-08-12,Sorong,,True
TRX00480,"Maya Permadi, S.Gz",Exercitationem,Rumah Tangga,250000.0,1,2026-06-25,COD,2026-06-25,Binjai,4.0,True
TRX00249,Aisyah Agustina,Asperiores Pro,Elektronik,500000.0,2,2026-07-23,E-Wallet,2026-07-23,Kendari,3.0,True
TRX00084,Atma Agustina,Nemo Pro,Buku,75000.0,3,17/07/2026,Transfer Bank,2026-07-17,Padangpanjang,3.0,True
TRX00104,"R.A. Yance Irawan, S.T.",Odio Pro,Kesehatan,150000.0,3,09/07/2026,Kartu Kredit,2026-07-09,Salatiga,5.0,True
TRX00166,Lukman Ramadan,Veritatis Pro,Elektronik,15000.0,3,2026-08-25,Kartu Kredit,2026-08-25,Sorong,3.0,True
TRX00164,"Hj. Lala Saefullah, S.Ked",Recusandae Pro,Rumah Tangga,250000.0,2,2026-09-03,COD,2026-09-03,Sibolga,1.0,True
TRX00200,Hendra Thamrin,Vel Pro,Rumah Tangga,15000.0,5,10/09/2026,COD,2026-09-10,Tebingtinggi,,True
TRX00246,Maras Laksmiwati,Minima Pro,Kesehatan,500000.0,3,2026-08-06,COD,2026-08-06,Tasikmalaya,2.0,True
TRX00075,Rahmi Hidayanto,Odit Lite,Kesehatan,25000.0,5,2026-07-25,E-Wallet,2026-07-25,Tasikmalaya,5.0,True
TRX00317,Salimah Kuswandari,Qui Max,Fashion,2500000.0,2,21-07-2026,Transfer Bank,2026-07-21,Palu,,True
TRX00230,Ciaobella Siregar,Blanditiis Basic,Kesehatan,500000.0,4,02/08/2026,Transfer Bank,2026-08-02,Banjar,5.0,True
TRX00485,Eluh Permata,Sunt Basic,Olahraga,15000.0,3,24/06/2026,Transfer Bank,2026-06-24,Pekanbaru,3.0,True
TRX00120,Ir. Genta Nurdiyanti,Modi Max,Elektronik,500000.0,3,2026-07-28,Kartu Kredit,2026-07-28,Langsa,,True
TRX00387,"drg. Septi Sitompul, M.Farm",Consequatur,Fashion,250000.0,1,06/09/2026,E-Wallet,2026-09-06,Kediri,,True
TRX00443,Irwan Jailani,Ullam Max,Rumah Tangga,500000.0,4,24/08/2026,COD,2026-08-24,Bandung,5.0,True
TRX00262,Tami Kuswandari,Suscipit Basic,Kesehatan,250000.0,1,2026-07-04,COD,2026-07-04,Batam,1.0,True
TRX00365,"dr. Cornelia Nasyiah, S.Kom",Asperiores Pro,Olahraga,50000.0,1,2026-07-12,E-Wallet,2026-07-12,Batu,2.0,True
TRX00412,Ismail Siregar,Voluptate Basic,Fashion,15000.0,1,24-06-2026,Kartu Kredit,2026-06-24,Tangerang,1.0,True
TRX00336,Hilda Ardianto,Facilis Pro,Kesehatan,25000.0,1,2026-07-22,E-Wallet,2026-07-22,Tomohon,,True
TRX00263,"Vicky Haryanti, S.Gz",Impedit Lite,Elektronik,50000.0,4,06-07-2026,Kartu Kredit,2026-07-06,Banjar,5.0,True
TRX00481,Rahmi Sudiati,Aspernatur Basic,Olahraga,120000.0,5,2026-07-15,Kartu Kredit,2026-07-15,Bitung,,True
TRX00419,Baktiadi Rajata,Est Basic,Elektronik,120000.0,5,2026-08-02,Transfer Bank,2026-08-02,Palopo,4.0,True
TRX00281,"R. Tania Uyainah, S.E.",Magni Lite,Rumah Tangga,50000.0,2,02/08/2026,Transfer Bank,2026-08-02,Dumai,4.0,True
TRX00037,"Sutan Caturangga Wasita, M.Kom.",Perspiciatis Lite,Buku,1200000.0,5,07-07-2026,Transfer Bank,2026-07-07,Banjarmasin,,True
TRX00197,"Cinta Sihotang, S.Farm",Ipsam Max,Fashion,50000.0,4,16/08/2026,COD,2026-08-16,Bukittinggi,4.0,True
TRX00140,Galang Puspasari,Accusantium Lite,Kesehatan,120000.0,3,2026-08-06,Kartu Kredit,2026-08-06,Jayapura,4.0,True
TRX00376,Najib Palastri,Porro Lite,Kesehatan,250000.0,4,04-07-2026,Transfer Bank,2026-07-04,Pontianak,4.0,True
TRX00494,Rika Lailasari,Eius Basic,Rumah Tangga,150000.0,5,22/08/2026,E-Wallet,2026-08-22,Bukittinggi,5.0,True
TRX00292,Pranata Pertiwi,Nesciunt Basic,Olahraga,75000.0,4,12-08-2026,E-Wallet,2026-08-12,Payakumbuh,4.0,True
TRX00060,"Cut Zamira Halimah, S.H.",Eligendi Basic,Buku,50000.0,4,30-08-2026,Transfer Bank,2026-08-30,Malang,,True
TRX00473,Carla Permadi,Praesentium Basic,Kesehatan,25000.0,4,14/08/2026,Kartu Kredit,2026-08-14,Pontianak,1.0,True
TRX00112,Paiman Nasyiah,Voluptas Max,Kesehatan,500000.0,2,2026-07-04,COD,2026-07-04,Ternate,,True
TRX00090,Ir. Salimah Dongoran,Blanditiis Basic,Kesehatan,500000.0,5,14/08/2026,Transfer Bank,2026-08-14,Pangkalpinang,,True
TRX00418,"Murti Yuliarti, S.Sos",Iure Max,Buku,1200000.0,5,12-09-2026,Transfer Bank,2026-09-12,Bima,2.0,True
TRX00007,"Michelle Nasyiah, S.IP",Minus Lite,Elektronik,500000.0,3,25-06-2026,COD,2026-06-25,Sorong,,True
TRX00372,Agus Rajata,Quod Basic,Buku,25000.0,2,10/09/2026,Kartu Kredit,2026-09-10,Tidak Diketahui,,True
TRX00355,"Ir. Hari Susanti, S.Ked",Excepturi Pro,Kesehatan,150000.0,3,2026-07-06,Transfer Bank,2026-07-06,Serang,2.0,True
TRX00347,Cut Putri Hariyah,Veniam Max,Elektronik,15000.0,2,2026-08-29,COD,2026-08-29,Mojokerto,,True
TRX00159,R. Gina Hariyah,Tempore,Fashion,1200000.0,1,10/07/2026,E-Wallet,2026-07-10,Surakarta,,True
TRX00151,"Dinda Wasita, S.E.I",Autem Pro,Kesehatan,25000.0,5,2026-07-30,E-Wallet,2026-07-30,Makassar,5.0,True
TRX00393,"Puti Jasmin Suartini, M.Ak",Saepe Basic,Rumah Tangga,1200000.0,4,2026-07-23,E-Wallet,2026-07-23,Bandar Lampung,3.0,True
TRX00039,Tami Puspita,Ut Pro,Kesehatan,75000.0,2,21/08/2026,Kartu Kredit,2026-08-21,Depok,2.0,True
TRX00323,Safina Rajasa,Perferendis Pro,Rumah Tangga,1200000.0,3,2026-07-07,Kartu Kredit,2026-07-07,Sabang,5.0,True
TRX00199,Panca Wahyudin,Delectus Basic,Kesehatan,15000.0,1,2026-08-07,COD,2026-08-07,Surakarta,3.0,True
TRX00450,Narji Sinaga,Expedita Pro,Kesehatan,25000.0,2,25/08/2026,COD,2026-08-25,Pasuruan,1.0,True
TRX00147,Fitriani Permadi,Rem Pro,Fashion,1200000.0,4,22-07-2026,COD,2026-07-22,Banjar,2.0,True
TRX00405,"Jumari Riyanti, M.Ak",Eius Max,Kesehatan,1200000.0,1,2026-07-29,Transfer Bank,2026-07-29,Langsa,,True
TRX00148,Uli Kusmawati,Voluptatibus Basic,Elektronik,12000000.0,4,08/09/2026,Transfer Bank,2026-09-08,Meulaboh,4.0,True
TRX00315,Lili Maryadi,Neque Lite,Elektronik,500000.0,1,19-08-2026,Transfer Bank,2026-08-19,Pekalongan,,True
TRX00490,Humaira Hutagalung,Rem Lite,Buku,75000.0,4,2026-07-21,E-Wallet,2026-07-21,Cirebon,2.0,True
TRX00124,Dr. Icha Firmansyah,Eveniet Max,Elektronik,50000.0,3,2026-07-13,Kartu Kredit,2026-07-13,Tanjungpinang,4.0,True
TRX00403,Dalima Haryanto,Doloremque Basic,Kesehatan,75000.0,1,27-07-2026,Transfer Bank,2026-07-27,Langsa,,True
TRX00097,Cici Prastuti,Alias,Olahraga,1200000.0,2,09-09-2026,Kartu Kredit,2026-09-09,Mojokerto,5.0,True
TRX00144,Vera Agustina,Laboriosam Basic,Olahraga,500000.0,5,10/09/2026,COD,2026-09-10,Ambon,,True
TRX00240,"Dr. Rafid Novitasari, S.Gz",Ut Basic,Fashion,1200000.0,2,18-07-2026,Transfer Bank,2026-07-18,Serang,1.0,True
TRX00407,Juli Astuti,Totam Basic,Olahraga,1200000.0,1,13/09/2026,E-Wallet,2026-09-13,Tidak Diketahui,4.0,True
TRX00098,"Faizah Hutagalung, M.Farm",Voluptas Basic,Rumah Tangga,250000.0,2,31-08-2026,Kartu Kredit,2026-08-31,Bima,1.0,True
TRX00361,Alika Situmorang,Temporibus Max,Rumah Tangga,12000000.0,4,2026-08-17,Kartu Kredit,2026-08-17,Tanjungpinang,3.0,True
TRX00123,Kusuma Hutagalung,Dolore,Kesehatan,50000.0,1,2026-06-18,Transfer Bank,2026-06-18,Tanjungbalai,5.0,True
TRX00184,"Tgk. Dimaz Mahendra, M.Farm",Enim Basic,Elektronik,250000.0,3,24-06-2026,COD,2026-06-24,Semarang,,True
TRX00203,"T. Kemal Prasetyo, S.Farm",Ratione,Rumah Tangga,50000.0,5,13/09/2026,COD,2026-09-13,Sibolga,,True
TRX00247,"Drs. Zizi Maheswara, S.Pd",Blanditiis Basic,Olahraga,250000.0,3,25-08-2026,Kartu Kredit,2026-08-25,Palopo,3.0,True
TRX00483,Dr. Purwa Rajata,Doloremque Pro,Fashion,25000.0,3,21/07/2026,Kartu Kredit,2026-07-21,Tegal,1.0,True
TRX00306,Hartana Wahyudin,Labore Max,Kesehatan,120000.0,2,2026-08-07,E-Wallet,2026-08-07,Tomohon,5.0,True
TRX00308,Cahyo Sitorus,Pariatur Lite,Elektronik,500000.0,3,03/08/2026,E-Wallet,2026-08-03,Sibolga,2.0,True
TRX00408,Rahmi Pangestu,Perferendis Max,Rumah Tangga,1200000.0,4,2026-07-16,E-Wallet,2026-07-16,Lubuklinggau,,True
TRX00291,Rudi Dabukke,Beatae Basic,Olahraga,25000.0,5,22/06/2026,COD,2026-06-22,Sungai Penuh,,True
TRX00126,Kenari Prasetyo,Tenetur,Kesehatan,1200000.0,1,01/07/2026,Kartu Kredit,2026-07-01,Bontang,,True
TRX00311,"Cut Kartika Sitompul, S.IP",Nesciunt Max,Fashion,500000.0,5,09/08/2026,E-Wallet,2026-08-09,Serang,,True
TRX00224,Hj. Siska Oktaviani,Iste Basic,Buku,250000.0,4,03-09-2026,E-Wallet,2026-09-03,Bukittinggi,5.0,True
TRX00441,"Vera Lailasari, M.Pd",Quaerat Basic,Elektronik,75000.0,5,28-06-2026,Transfer Bank,2026-06-28,Kota Administrasi Jakarta Timur,4.0,True
TRX00220,Victoria Narpati,Autem Lite,Fashion,5000000.0,4,2026-08-02,Kartu Kredit,2026-08-02,Pontianak,2.0,True
TRX00130,Rahmi Ramadan,Alias Pro,Kesehatan,5000000.0,3,26/06/2026,E-Wallet,2026-06-26,Tual,1.0,True
TRX00433,Puti Samiah Mansur,Ipsam,Elektronik,500000.0,1,28/06/2026,COD,2026-06-28,Binjai,3.0,True
TRX00491,Rangga Maryati,Aperiam Lite,Olahraga,250000.0,2,2026-09-11,Transfer Bank,2026-09-11,Pangkalpinang,5.0,True
TRX00337,Julia Sihombing,Reprehenderit Basic,Rumah Tangga,15000.0,4,2026-08-22,COD,2026-08-22,Kota Administrasi Jakarta Selatan,3.0,True
TRX00389,Puji Pratiwi,Unde,Olahraga,25000.0,4,20-06-2026,Transfer Bank,2026-06-20,Banda Aceh,3.0,True
TRX00298,Kiandra Susanti,Nihil Pro,Rumah Tangga,120000.0,3,10/07/2026,COD,2026-07-10,Madiun,,True
TRX00366,Rangga Rahmawati,Velit Pro,Rumah Tangga,25000.0,4,07-08-2026,E-Wallet,2026-08-07,Gorontalo,,True
TRX00302,"Hj. Samiah Halimah, S.Pd",Quidem Lite,Buku,50000.0,3,18/06/2026,Transfer Bank,2026-06-18,Palangkaraya,3.0,True
TRX00295,Ganep Sudiati,Dicta Max,Olahraga,500000.0,3,16/07/2026,COD,2026-07-16,Tegal,,True
TRX00349,Tira Haryanto,Quis Basic,Buku,2500000.0,2,2026-09-15,E-Wallet,2026-09-15,Parepare,3.0,True
TRX00113,Ika Rahmawati,Qui Lite,Kesehatan,12000000.0,3,2026-08-10,Kartu Kredit,2026-08-10,Depok,2.0,True
TRX00180,"Baktiadi Lestari, M.Ak",Nemo Max,Rumah Tangga,15000.0,5,10-09-2026,Kartu Kredit,2026-09-10,Bandung,,True
TRX00453,Mutia Laksita,Itaque Basic,Kesehatan,2500000.0,2,09/08/2026,Kartu Kredit,2026-08-09,Tegal,4.0,True
TRX00348,Yuliana Adriansyah,Esse Basic,Olahraga,250000.0,3,09/08/2026,E-Wallet,2026-08-09,Pagaralam,4.0,True
TRX00339,Silvia Mardhiyah,Voluptatibus Pro,Elektronik,120000.0,4,26/08/2026,E-Wallet,2026-08-26,Subulussalam,2.0,True
TRX00498,Tira Wahyudin,Officia Lite,Elektronik,120000.0,2,13/09/2026,E-Wallet,2026-09-13,Sawahlunto,2.0,True
TRX00371,"dr. Farhunnisa Uwais, S.Psi",Neque Lite,Elektronik,12000000.0,3,2026-06-22,COD,2026-06-22,Ternate,3.0,True
TRX00234,Tari Wahyuni,Sed Lite,Fashion,25000.0,1,04/09/2026,Transfer Bank,2026-09-04,Bau-Bau,4.0,True
TRX00461,Sari Samosir,Voluptates Max,Elektronik,120000.0,3,24/08/2026,Kartu Kredit,2026-08-24,Sungai Penuh,,True
TRX00463,R.A. Padma Zulaika,Numquam Basic,Olahraga,15000.0,5,18/06/2026,E-Wallet,2026-06-18,Bitung,3.0,True
TRX00165,"Najwa Suwarno, S.H.",Sequi Max,Fashion,500000.0,1,29/08/2026,E-Wallet,2026-08-29,Subulussalam,5.0,True
TRX00137,Dacin Maryati,Magni,Olahraga,25000.0,1,2026-08-13,Transfer Bank,2026-08-13,Sorong,,True
TRX00198,"Virman Kusmawati, S.Pt",Consectetur,Rumah Tangga,750000.0,2,2026-08-31,Transfer Bank,2026-08-31,Palangkaraya,,True
TRX00259,"Harsanto Wahyudin, S.T.",Ad,Olahraga,500000.0,3,20-07-2026,COD,2026-07-20,Malang,2.0,True
TRX00233,"Gandewa Haryanto, S.Psi",Consequatur Lite,Kesehatan,75000.0,1,07-08-2026,Kartu Kredit,2026-08-07,Kotamobagu,1.0,True
TRX00116,"Dr. Ciaobella Budiman, M.Farm",Id Max,Olahraga,75000.0,1,30-07-2026,COD,2026-07-30,Makassar,1.0,True
TRX00121,"Ir. Maria Samosir, M.Farm",Sit,Elektronik,15000.0,3,2026-06-23,E-Wallet,2026-06-23,Tual,2.0,True
TRX00370,Karen Mulyani,Praesentium Basic,Elektronik,50000.0,3,2026-07-29,Kartu Kredit,2026-07-29,Tual,3.0,True
TRX00225,Betania Halimah,Numquam Pro,Olahraga,12000000.0,5,2026-08-13,Transfer Bank,2026-08-13,Semarang,5.0,True
TRX00415,Patricia Mayasari,Voluptate Pro,Elektronik,500000.0,4,25-07-2026,Transfer Bank,2026-07-25,Mataram,5.0,True
TRX00356,Ivan Rahimah,Veniam Pro,Olahraga,25000.0,3,20-08-2026,Transfer Bank,2026-08-20,Kota Administrasi Jakarta Barat,5.0,True
TRX00128,Jarwa Sihombing,Voluptates Max,Rumah Tangga,120000.0,4,2026-07-24,Transfer Bank,2026-07-24,Pekalongan,,True
TRX00286,"Langgeng Najmudin, S.E.I",Non Lite,Kesehatan,50000.0,5,02/08/2026,E-Wallet,2026-08-02,Bitung,4.0,True
TRX00424,Rusman Latupono,Adipisci Lite,Fashion,5000000.0,5,02-09-2026,COD,2026-09-02,Tangerang,,True
TRX00108,KH. Dimas Kusmawati,Tenetur Basic,Kesehatan,75000.0,4,2026-08-21,E-Wallet,2026-08-21,Banda Aceh,3.0,True
TRX00382,Vega Kuswoyo,Qui Max,Olahraga,120000.0,3,01/07/2026,Transfer Bank,2026-07-01,Solok,3.0,True
TRX00334,"Praba Nababan, S.E.",Similique Lite,Elektronik,15000.0,1,2026-09-03,E-Wallet,2026-09-03,Pagaralam,,True
TRX00134,Laras Lailasari,Illo Basic,Olahraga,150000.0,5,2026-08-16,E-Wallet,2026-08-16,Tual,3.0,True
TRX00045,Mulyono Sihotang,Excepturi Basic,Olahraga,75000.0,3,11-07-2026,Kartu Kredit,2026-07-11,Surakarta,5.0,True
TRX00477,Sari Mardhiyah,Nesciunt Basic,Olahraga,12000000.0,2,26-07-2026,Kartu Kredit,2026-07-26,Bau-Bau,3.0,True
TRX00066,Ade Nurdiyanti,Quidem,Buku,750000.0,1,18-08-2026,Transfer Bank,2026-08-18,Mataram,1.0,True
TRX00284,Vivi Wasita,Repellat,Buku,250000.0,5,24-06-2026,Kartu Kredit,2026-06-24,Sukabumi,,True
TRX00086,drg. Natalia Ardianto,Libero Basic,Kesehatan,1200000.0,4,14-07-2026,Transfer Bank,2026-07-14,Padangpanjang,5.0,True
TRX00243,Tgk. Umi Hassanah,Eveniet Pro,Buku,1200000.0,2,05/08/2026,E-Wallet,2026-08-05,Parepare,4.0,True
TRX00187,Gatot Prakasa,Repudiandae Basic,Olahraga,500000.0,4,2026-07-17,COD,2026-07-17,Kota Administrasi Jakarta Selatan,,True
TRX00396,"Belinda Hutasoit, S.T.",Dolor Max,Rumah Tangga,50000.0,3,22/07/2026,E-Wallet,2026-07-22,Ternate,,True
TRX00160,Uda Hastuti,Illo Basic,Fashion,75000.0,3,2026-08-17,COD,2026-08-17,Batu,4.0,True
TRX00013,Hasna Haryanto,Error Basic,Olahraga,120000.0,5,08-09-2026,Transfer Bank,2026-09-08,Jambi,3.0,True
TRX00036,Yani Pudjiastuti,Consequuntur Pro,Elektronik,500000.0,3,2026-06-22,COD,2026-06-22,Bekasi,3.0,True
TRX00029,Adiarja Hidayanto,Voluptatum Pro,Olahraga,25000.0,2,13-08-2026,Transfer Bank,2026-08-13,Batam,1.0,True
TRX00171,"Jessica Latupono, M.M.",Autem,Buku,250000.0,2,30/06/2026,COD,2026-06-30,Tangerang,,True
TRX00143,Viman Rahimah,Quaerat Basic,Elektronik,250000.0,2,24-08-2026,COD,2026-08-24,Batam,2.0,True
TRX00411,R.M. Mahmud Pudjiastuti,Alias Max,Elektronik,75000.0,3,11/09/2026,E-Wallet,2026-09-11,Tarakan,,True
TRX00437,Sakti Tamba,Accusamus Max,Kesehatan,120000.0,2,31-07-2026,Transfer Bank,2026-07-31,Meulaboh,2.0,True
TRX00222,Cakrabuana Rajasa,Eius Max,Olahraga,150000.0,3,03-07-2026,E-Wallet,2026-07-03,Tual,3.0,True
TRX00096,"Hamima Uwais, S.E.",Sequi Lite,Elektronik,1200000.0,4,11-08-2026,COD,2026-08-11,Cilegon,3.0,True
TRX00052,Hafshah Habibi,Consectetur Lite,Buku,500000.0,4,2026-08-14,E-Wallet,2026-08-14,Banjar,,True
TRX00241,Eva Marpaung,Ducimus,Buku,750000.0,1,31/08/2026,Transfer Bank,2026-08-31,Tebingtinggi,,True
TRX00384,Michelle Pratiwi,Exercitationem,Rumah Tangga,250000.0,2,15-09-2026,Kartu Kredit,2026-09-15,Langsa,4.0,True
TRX00352,"dr. Devi Nugroho, M.Pd",Mollitia Pro,Buku,250000.0,4,04/08/2026,E-Wallet,2026-08-04,Ambon,3.0,True
TRX00391,R.A. Qori Wibisono,Veritatis Lite,Kesehatan,50000.0,1,06/09/2026,E-Wallet,2026-09-06,Meulaboh,4.0,True
TRX00179,"Tami Namaga, S.Farm",Repudiandae Lite,Elektronik,50000.0,5,2026-08-23,E-Wallet,2026-08-23,Padangpanjang,3.0,True
TRX00042,R. Soleh Nashiruddin,Atque Max,Kesehatan,75000.0,2,10-08-2026,E-Wallet,2026-08-10,Padang,1.0,True
TRX00449,"dr. Vega Halim, S.T.",Ullam Max,Fashion,25000.0,2,29-06-2026,Kartu Kredit,2026-06-29,Kota Administrasi Jakarta Barat,,True
TRX00400,Puspa Iswahyudi,Saepe Lite,Buku,15000.0,3,10-08-2026,Transfer Bank,2026-08-10,Meulaboh,5.0,True
TRX00207,Mutia Siregar,Dolore Lite,Rumah Tangga,75000.0,4,21-07-2026,Transfer Bank,2026-07-21,Salatiga,5.0,True
TRX00283,"Dr. Cager Suryatmi, S.Pt",At,Elektronik,500000.0,3,2026-07-15,Kartu Kredit,2026-07-15,Pontianak,4.0,True
TRX00359,Dinda Wijayanti,Quasi Lite,Elektronik,250000.0,1,2026-07-07,COD,2026-07-07,Kota Administrasi Jakarta Utara,4.0,True
TRX00255,Raihan Mandasari,Saepe Pro,Olahraga,15000.0,2,05-08-2026,Kartu Kredit,2026-08-05,Tasikmalaya,,True
TRX00425,"R.M. Wadi Prasasta, M.TI.",Doloribus Lite,Fashion,750000.0,5,06-08-2026,COD,2026-08-06,Sabang,,True
TRX00005,Jasmin Setiawan,Dolor Pro,Buku,1200000.0,5,07/07/2026,Transfer Bank,2026-07-07,Bima,5.0,True
TRX00257,Fitria Widiastuti,Velit Basic,Elektronik,120000.0,2,25-06-2026,Kartu Kredit,2026-06-25,Batam,4.0,True
TRX00462,Niyaga Kuswoyo,A Pro,Olahraga,120000.0,4,07-07-2026,Kartu Kredit,2026-07-07,Blitar,4.0,True
TRX00101,"drg. Yuni Lestari, S.IP",Non Lite,Elektronik,12000000.0,3,12-09-2026,Kartu Kredit,2026-09-12,Tarakan,,True
TRX00227,Gading Suwarno,Autem Basic,Elektronik,1200000.0,1,2026-08-15,Kartu Kredit,2026-08-15,Singkawang,4.0,True
TRX00440,Endra Prasetyo,Quidem,Elektronik,25000.0,2,13-07-2026,Transfer Bank,2026-07-13,Salatiga,2.0,True
TRX00214,"Mala Natsir, S.E.I",Modi Lite,Buku,75000.0,1,04/08/2026,COD,2026-08-04,Pekalongan,,True
TRX00435,Lintang Nashiruddin,Placeat,Buku,1200000.0,4,2026-08-14,COD,2026-08-14,Sabang,5.0,True
TRX00172,"Samiah Widodo, M.Pd",Maiores Basic,Buku,1200000.0,2,2026-06-26,Kartu Kredit,2026-06-26,Balikpapan,,True
TRX00099,"Vera Sihombing, M.Ak",Cumque Max,Buku,1200000.0,4,28-08-2026,E-Wallet,2026-08-28,Malang,5.0,True
TRX00293,"Kenes Siregar, S.Pd",Perspiciatis Max,Kesehatan,25000.0,4,2026-07-10,E-Wallet,2026-07-10,Langsa,3.0,True
TRX00216,Jagaraga Hutagalung,Ipsam Pro,Elektronik,75000.0,5,2026-08-08,Kartu Kredit,2026-08-08,Tarakan,1.0,True
TRX00062,Indah Hidayat,Hic Max,Kesehatan,500000.0,3,19/07/2026,Transfer Bank,2026-07-19,Tangerang,1.0,True
TRX00048,Intan Manullang,Nulla Basic,Buku,500000.0,5,01/09/2026,Transfer Bank,2026-09-01,Singkawang,,True
TRX00033,Laras Hastuti,Asperiores Lite,Kesehatan,120000.0,2,17-08-2026,COD,2026-08-17,Banjarmasin,,True
TRX00268,"Dr. Emas Hutasoit, S.Farm",Beatae,Rumah Tangga,2500000.0,4,26/07/2026,E-Wallet,2026-07-26,Probolinggo,,True
TRX00328,Janet Suwarno,Tenetur Pro,Olahraga,25000.0,5,23-06-2026,Kartu Kredit,2026-06-23,Sungai Penuh,4.0,True
TRX00201,Edward Rahimah,Ipsa,Kesehatan,25000.0,2,19/07/2026,COD,2026-07-19,Bukittinggi,3.0,True
TRX00484,Prasetya Dabukke,Iusto Pro,Elektronik,1200000.0,5,29/08/2026,COD,2026-08-29,Pontianak,4.0,True
TRX00028,Darmanto Haryanto,Labore Pro,Buku,250000.0,1,19-06-2026,Kartu Kredit,2026-06-19,Semarang,2.0,True
TRX00426,Malika Pradipta,Necessitatibus Lite,Olahraga,2500000.0,1,13-08-2026,Kartu Kredit,2026-08-13,Subulussalam,,True
TRX00231,Nugraha Farida,Nulla Lite,Buku,250000.0,1,04-08-2026,Kartu Kredit,2026-08-04,Mataram,2.0,True
TRX00261,Garan Palastri,Labore Lite,Buku,250000.0,1,2026-08-30,Kartu Kredit,2026-08-30,Tangerang Selatan,,True
TRX00379,Johan Hasanah,Minima Lite,Kesehatan,500000.0,5,23-06-2026,Transfer Bank,2026-06-23,Surabaya,2.0,True
TRX00289,"Gadang Susanti, M.Pd",Consectetur Basic,Rumah Tangga,1200000.0,4,02/08/2026,E-Wallet,2026-08-02,Semarang,,True
TRX00163,Harjaya Pertiwi,Magnam Basic,Olahraga,50000.0,4,2026-08-08,Kartu Kredit,2026-08-08,Banda Aceh,4.0,True
TRX00438,Dr. Martani Lailasari,Nemo,Olahraga,750000.0,1,18/08/2026,Transfer Bank,2026-08-18,Tarakan,3.0,True
TRX00139,Tami Laksita,Cupiditate,Rumah Tangga,120000.0,1,20/06/2026,Transfer Bank,2026-06-20,Tarakan,2.0,True
TRX00063,"Drs. Julia Dabukke, S.IP",Facilis Max,Fashion,25000.0,1,2026-07-04,E-Wallet,2026-07-04,Bandung,2.0,True
TRX00136,Zelaya Mulyani,A,Fashion,500000.0,4,16/08/2026,E-Wallet,2026-08-16,Padang Sidempuan,,True
TRX00129,drg. Ismail Hutapea,Sapiente,Buku,75000.0,4,2026-06-21,Kartu Kredit,2026-06-21,Ternate,4.0,True
TRX00493,Erik Pratiwi,Incidunt Max,Rumah Tangga,500000.0,5,23/08/2026,E-Wallet,2026-08-23,Pangkalpinang,5.0,True
TRX00009,Cindy Pradipta,Consequuntur,Fashion,250000.0,1,2026-07-22,COD,2026-07-22,Subulussalam,5.0,True
TRX00327,R.M. Hasim Yolanda,Pariatur Pro,Fashion,120000.0,1,2026-07-30,Kartu Kredit,2026-07-30,Tomohon,,True
TRX00479,Sutan Respati Mangunsong,Quidem Max,Olahraga,15000.0,2,17-07-2026,Transfer Bank,2026-07-17,Lhokseumawe,4.0,True
TRX00065,Drs. Calista Winarno,Repellat Pro,Fashion,120000.0,1,05/07/2026,Kartu Kredit,2026-07-05,Tarakan,1.0,True
TRX00301,Lamar Thamrin,Architecto Pro,Elektronik,25000.0,4,2026-06-22,E-Wallet,2026-06-22,Serang,4.0,True
TRX00015,Dr. Eluh Padmasari,Nobis,Fashion,25000.0,3,2026-09-06,COD,2026-09-06,Mataram,,True
TRX00157,Karta Zulkarnain,Recusandae Basic,Fashion,75000.0,2,2026-08-18,COD,2026-08-18,Cimahi,,True
TRX00041,Amelia Hardiansyah,Reprehenderit Lite,Kesehatan,50000.0,1,2026-07-30,Kartu Kredit,2026-07-30,Banjarmasin,4.0,True
TRX00380,Anita Ardianto,Quibusdam,Elektronik,750000.0,3,06-08-2026,COD,2026-08-06,Banda Aceh,3.0,True
TRX00474,Gatra Simanjuntak,Delectus Max,Olahraga,500000.0,3,2026-07-22,Transfer Bank,2026-07-22,Mataram,1.0,True
TRX00416,"Yessi Nasyiah, M.Ak",Tempore Max,Olahraga,750000.0,4,08/09/2026,Transfer Bank,2026-09-08,Yogyakarta,3.0,True
TRX00217,"Hamzah Siregar, S.IP",Necessitatibus Basic,Rumah Tangga,50000.0,3,2026-06-19,COD,2026-06-19,Cimahi,3.0,True
TRX00280,"Ir. Surya Simanjuntak, S.I.Kom",Voluptatum Lite,Buku,75000.0,5,23-06-2026,E-Wallet,2026-06-23,Langsa,4.0,True
TRX00448,Tgk. Zamira Mulyani,Veritatis Lite,Buku,250000.0,2,30-08-2026,E-Wallet,2026-08-30,Tomohon,,True
TRX00487,"R. Tugiman Pertiwi, S.IP",Eum Lite,Kesehatan,1200000.0,4,23/08/2026,Transfer Bank,2026-08-23,Banjar,,True
TRX00338,"Gatra Prakasa, S.Gz",Vel Basic,Fashion,15000.0,5,28-06-2026,COD,2026-06-28,Cilegon,4.0,True
TRX00237,"Nardi Novitasari, S.Pt",Tenetur,Buku,50000.0,4,2026-08-17,COD,2026-08-17,Banda Aceh,,True
TRX00208,Puti Anastasia Mangunsong,Dolore Max,Buku,1200000.0,5,24/08/2026,E-Wallet,2026-08-24,Tangerang,5.0,True
TRX00213,Prakosa Rajasa,Illum,Kesehatan,120000.0,2,17-07-2026,E-Wallet,2026-07-17,Payakumbuh,5.0,True
TRX00296,"dr. Lalita Mustofa, S.I.Kom",Quam Pro,Fashion,5000000.0,1,07-08-2026,E-Wallet,2026-08-07,Kendari,2.0,True
TRX00471,Samsul Wahyuni,Incidunt,Olahraga,25000.0,1,06-07-2026,E-Wallet,2026-07-06,Tidore Kepulauan,1.0,True
TRX00252,"R. Vanya Halimah, M.M.",Sint Lite,Olahraga,1200000.0,3,18/06/2026,Transfer Bank,2026-06-18,Banda Aceh,5.0,True
TRX00472,Ida Yuliarti,Asperiores Basic,Olahraga,500000.0,3,27-08-2026,Kartu Kredit,2026-08-27,Payakumbuh,,True
TRX00304,Anastasia Purnawati,Ratione Pro,Fashion,75000.0,5,2026-07-05,Transfer Bank,2026-07-05,Batu,,True
TRX00351,Melinda Waluyo,Minus,Fashion,25000.0,4,25/06/2026,Transfer Bank,2026-06-25,Sungai Penuh,2.0,True
TRX00270,Rahmi Aryani,Doloremque Lite,Kesehatan,500000.0,3,19/08/2026,Transfer Bank,2026-08-19,Palopo,5.0,True
TRX00202,"Jaya Prasetyo, S.IP",Laudantium Lite,Fashion,500000.0,5,2026-09-02,Transfer Bank,2026-09-02,Binjai,4.0,True
TRX00162,Mutia Sihombing,Eius Pro,Buku,1200000.0,3,15-09-2026,Transfer Bank,2026-09-15,Bima,3.0,True
TRX00044,Hari Wahyuni,Reprehenderit Max,Elektronik,25000.0,5,07/08/2026,COD,2026-08-07,Kota Administrasi Jakarta Selatan,1.0,True
TRX00218,"Drs. Jagaraga Tarihoran, S.Pt",Nostrum Max,Rumah Tangga,1200000.0,2,02/09/2026,E-Wallet,2026-09-02,Palangkaraya,,True
TRX00402,R.M. Mahdi Wibowo,Dolores Lite,Kesehatan,75000.0,3,30/06/2026,E-Wallet,2026-06-30,Kota Administrasi Jakarta Timur,2.0,True
TRX00191,"Yoga Dabukke, S.Gz",Perferendis Lite,Olahraga,500000.0,2,02-09-2026,Transfer Bank,2026-09-02,Tangerang Selatan,1.0,True
TRX00310,Ophelia Melani,Quibusdam Lite,Rumah Tangga,500000.0,1,01/08/2026,Transfer Bank,2026-08-01,Parepare,3.0,True
TRX00260,Oskar Wahyuni,Sunt Max,Olahraga,500000.0,4,27-06-2026,Kartu Kredit,2026-06-27,Bogor,,True
TRX00106,Gabriella Thamrin,Facilis Basic,Buku,1200000.0,4,18-07-2026,Transfer Bank,2026-07-18,Sabang,3.0,True
TRX00054,Puspa Aryani,Ratione Basic,Buku,250000.0,4,18-06-2026,Kartu Kredit,2026-06-18,Tanjungbalai,4.0,True
TRX00390,Langgeng Megantara,Nam Basic,Elektronik,50000.0,2,09/09/2026,Kartu Kredit,2026-09-09,Cilegon,4.0,True
TRX00002,"Puji Irawan, M.Farm",Nisi,Rumah Tangga,15000.0,1,2026-06-20,E-Wallet,2026-06-20,Jambi,2.0,True
TRX00455,Gasti Aryani,Error Pro,Buku,25000.0,1,01-08-2026,Kartu Kredit,2026-08-01,Kotamobagu,1.0,True
TRX00499,Johan Mansur,Tempore Basic,Elektronik,50000.0,4,2026-08-30,COD,2026-08-30,Semarang,5.0,True
TRX00050,Calista Kurniawan,Quod Lite,Buku,250000.0,3,2026-07-01,E-Wallet,2026-07-01,Sibolga,2.0,True
TRX00420,Kania Hariyah,Veritatis Lite,Buku,250000.0,1,2026-08-09,Transfer Bank,2026-08-09,Malang,,True
TRX00081,Vivi Nurdiyanti,Placeat,Rumah Tangga,12000000.0,4,13-08-2026,Kartu Kredit,2026-08-13,Palembang,5.0,True
TRX00206,Opung Usada,Aliquam,Buku,500000.0,2,2026-06-26,Transfer Bank,2026-06-26,Metro,4.0,True
TRX00035,Dina Anggraini,Ducimus Max,Kesehatan,75000.0,3,13-07-2026,COD,2026-07-13,Batu,,True
TRX00431,"Galar Riyanti, S.Sos",Similique,Elektronik,15000.0,3,23-07-2026,Kartu Kredit,2026-07-23,Malang,,True
TRX00264,Ira Mulyani,Nam Pro,Olahraga,250000.0,4,15/09/2026,Kartu Kredit,2026-09-15,Kota Administrasi Jakarta Pusat,5.0,True
TRX00428,Kayla Ardianto,Voluptatibus Pro,Fashion,1200000.0,2,07-07-2026,COD,2026-07-07,Tomohon,,True
TRX00367,"dr. Ilsa Budiman, S.Kom",Eaque Pro,Elektronik,500000.0,5,12-09-2026,COD,2026-09-12,Tidore Kepulauan,,True
TRX00092,Vanya Wibowo,Hic Basic,Buku,1200000.0,1,24/08/2026,E-Wallet,2026-08-24,Kota Administrasi Jakarta Pusat,,True
TRX00340,Kartika Susanti,Est,Elektronik,500000.0,3,07-07-2026,Kartu Kredit,2026-07-07,Pariaman,3.0,True
TRX00489,"Cut Puspa Yolanda, S.Farm",Et Pro,Rumah Tangga,250000.0,1,16/07/2026,COD,2026-07-16,Tebingtinggi,3.0,True
TRX00053,Ganda Mustofa,Tempore Pro,Rumah Tangga,75000.0,2,2026-09-14,E-Wallet,2026-09-14,Ternate,2.0,True
TRX00346,drg. Rusman Hakim,Odit Basic,Elektronik,250000.0,5,2026-06-29,COD,2026-06-29,Palu,,True
TRX00265,Parman Yuliarti,Eaque Lite,Olahraga,50000.0,4,2026-07-13,COD,2026-07-13,Sungai Penuh,1.0,True
TRX00242,Aurora Zulkarnain,Maiores,Buku,75000.0,4,17/08/2026,COD,2026-08-17,Palembang,2.0,True
TRX00014,"Jamil Widodo, M.M.",Dicta Max,Elektronik,120000.0,4,11/07/2026,Transfer Bank,2026-07-11,Tidore Kepulauan,3.0,True
TRX00316,"Drs. Viman Halimah, S.Gz",Voluptatibus Lite,Elektronik,15000.0,2,2026-06-30,Kartu Kredit,2026-06-30,Sabang,,True
TRX00089,Saadat Hastuti,Debitis Basic,Kesehatan,5000000.0,3,14-09-2026,Transfer Bank,2026-09-14,Mojokerto,,True
TRX00388,Umay Purnawati,Pariatur Max,Kesehatan,1200000.0,5,12/07/2026,Transfer Bank,2026-07-12,Tangerang Selatan,5.0,True
TRX00274,Daryani Yuliarti,Maiores Basic,Olahraga,15000.0,3,2026-07-20,E-Wallet,2026-07-20,Sibolga,,True
TRX00167,Unggul Utami,Tenetur Pro,Elektronik,75000.0,4,2026-06-21,Transfer Bank,2026-06-21,Bandung,5.0,True
TRX00329,R.A. Patricia Firgantoro,Doloribus Lite,Fashion,1200000.0,3,25/07/2026,COD,2026-07-25,Bandung,1.0,True
TRX00135,Dt. Jaeman Irawan,Ipsam Max,Elektronik,50000.0,2,2026-07-10,E-Wallet,2026-07-10,Yogyakarta,1.0,True
TRX00307,Dalimin Suartini,Quaerat Lite,Rumah Tangga,250000.0,2,24/07/2026,Kartu Kredit,2026-07-24,Banjar,1.0,True
TRX00497,Almira Megantara,Hic Basic,Buku,250000.0,3,26/06/2026,Kartu Kredit,2026-06-26,Pematangsiantar,5.0,True
TRX00320,"T. Niyaga Pranowo, M.Kom.",Ipsum Pro,Fashion,150000.0,4,31/07/2026,E-Wallet,2026-07-31,Kotamobagu,1.0,True
TRX00244,"R.A. Kartika Wastuti, M.Farm",Nulla Basic,Olahraga,2500000.0,3,29/07/2026,Kartu Kredit,2026-07-29,Metro,,True
TRX00055,Kenes Firgantoro,Maxime Basic,Kesehatan,75000.0,3,09-08-2026,E-Wallet,2026-08-09,Palangkaraya,3.0,True
TRX00364,R.M. Harsanto Prasasta,Facere Pro,Rumah Tangga,500000.0,5,06-07-2026,E-Wallet,2026-07-06,Palopo,,True
TRX00051,Nasim Siregar,Enim Lite,Elektronik,15000.0,2,18-08-2026,Transfer Bank,2026-08-18,Pekalongan,5.0,True
TRX00470,"Bakiadi Prayoga, M.Pd",Sapiente,Buku,500000.0,2,2026-08-11,Kartu Kredit,2026-08-11,Tanjungbalai,,True
TRX00175,Lukman Purwanti,Itaque Basic,Kesehatan,50000.0,4,08/09/2026,COD,2026-09-08,Sukabumi,1.0,True
TRX00446,R. Violet Putra,Enim,Fashion,500000.0,4,29-08-2026,E-Wallet,2026-08-29,Prabumulih,,True
TRX00190,Warsita Susanti,Aperiam Max,Elektronik,1200000.0,2,2026-08-22,COD,2026-08-22,Palu,,True
TRX00464,"drg. Talia Mustofa, M.Kom.",Aut Lite,Fashion,500000.0,2,08-07-2026,Transfer Bank,2026-07-08,Tegal,3.0,True
TRX00188,Budi Andriani,Qui,Kesehatan,50000.0,5,2026-06-28,Kartu Kredit,2026-06-28,Parepare,,True
TRX00170,T. Radika Marbun,Facere Basic,Kesehatan,1200000.0,1,2026-09-08,COD,2026-09-08,Kupang,1.0,True
TRX00059,"Juli Zulkarnain, S.H.",Fugiat Basic,Olahraga,75000.0,4,02/07/2026,Kartu Kredit,2026-07-02,Metro,,True
TRX00475,Ir. Cawuk Halimah,Aut Basic,Buku,75000.0,3,19/06/2026,Transfer Bank,2026-06-19,Balikpapan,3.0,True
TRX00049,"Ir. Karsana Anggriawan, M.Pd",In,Olahraga,250000.0,4,09/09/2026,E-Wallet,2026-09-09,Bogor,,True
TRX00345,Calista Zulaika,Enim,Kesehatan,50000.0,4,2026-08-21,Transfer Bank,2026-08-21,Bekasi,5.0,True
TRX00236,Puti Ira Purwanti,Minus Max,Olahraga,2500000.0,2,2026-08-14,E-Wallet,2026-08-14,Blitar,5.0,True
TRX00253,Gasti Maryadi,Quo Lite,Buku,75000.0,3,10-09-2026,Transfer Bank,2026-09-10,Binjai,5.0,True
TRX00022,Vanesa Marpaung,Quis,Rumah Tangga,75000.0,4,2026-09-11,Transfer Bank,2026-09-11,Serang,4.0,True
TRX00314,"Hj. Hesti Firmansyah, M.Farm",Voluptates Lite,Fashion,250000.0,4,27/06/2026,Kartu Kredit,2026-06-27,Palembang,1.0,True
TRX00460,"Gatra Ramadan, S.Pt",Minima Pro,Buku,750000.0,5,16/08/2026,Kartu Kredit,2026-08-16,Banjarbaru,1.0,True
TRX00161,Jelita Rahmawati,In Basic,Kesehatan,500000.0,5,2026-08-14,E-Wallet,2026-08-14,Tanjungbalai,3.0,True
TRX00277,Akarsana Nashiruddin,Praesentium Lite,Kesehatan,15000.0,4,03/08/2026,Kartu Kredit,2026-08-03,Kota Administrasi Jakarta Selatan,,True
TRX00444,Hani Tampubolon,Commodi Pro,Buku,25000.0,5,27-07-2026,Transfer Bank,2026-07-27,Kendari,3.0,True
TRX00192,Joko Handayani,Aut,Kesehatan,75000.0,5,06-09-2026,Transfer Bank,2026-09-06,Sibolga,3.0,True
TRX00386,Amelia Uyainah,Accusamus Max,Olahraga,120000.0,2,20/08/2026,Transfer Bank,2026-08-20,Payakumbuh,,True
TRX00294,Belinda Halim,Dolore,Buku,500000.0,2,2026-07-27,E-Wallet,2026-07-27,Pangkalpinang,5.0,True
TRX00414,Widya Waluyo,Aut Lite,Elektronik,1200000.0,4,2026-07-28,Kartu Kredit,2026-07-28,Sawahlunto,4.0,True
TRX00492,"Tgk. Vicky Saragih, S.Psi",Commodi Pro,Olahraga,150000.0,4,06-08-2026,COD,2026-08-06,Medan,5.0,True
TRX00344,"Drs. Ophelia Pangestu, M.Farm",Quidem Max,Olahraga,15000.0,3,01-07-2026,E-Wallet,2026-07-01,Pematangsiantar,4.0,True
TRX00258,Dr. Jono Mayasari,Quod Lite,Buku,250000.0,5,2026-06-19,Transfer Bank,2026-06-19,Banjar,3.0,True
TRX00309,R.M. Gamanto Suryatmi,Ipsum,Olahraga,1200000.0,1,2026-07-02,E-Wallet,2026-07-02,Semarang,1.0,True
TRX00150,dr. Cinthia Farida,Consequuntur,Olahraga,15000.0,4,04/08/2026,Kartu Kredit,2026-08-04,Balikpapan,4.0,True
TRX00131,"Rizki Santoso, M.Farm",Animi Pro,Elektronik,5000000.0,1,2026-08-25,Transfer Bank,2026-08-25,Parepare,3.0,True
TRX00152,drg. Sadina Hutapea,Iure,Olahraga,500000.0,3,02/09/2026,Kartu Kredit,2026-09-02,Lubuklinggau,5.0,True
TRX00360,Kalim Rahayu,Doloribus Lite,Elektronik,15000.0,2,13-08-2026,COD,2026-08-13,Sabang,1.0,True
TRX00100,dr. Mitra Uwais,Atque,Kesehatan,25000.0,4,02-08-2026,Kartu Kredit,2026-08-02,Balikpapan,,True
TRX00373,Daliman Sitompul,Eum Basic,Olahraga,25000.0,2,2026-07-22,Kartu Kredit,2026-07-22,Payakumbuh,,True
TRX00088,Maya Laksita,Aliquam Basic,Olahraga,1200000.0,3,22-07-2026,Kartu Kredit,2026-07-22,Tebingtinggi,1.0,True
TRX00459,"Diah Yulianti, S.Pd",Dolore Lite,Buku,1200000.0,3,2026-09-04,Kartu Kredit,2026-09-04,Bekasi,2.0,True
TRX00331,Ir. Cici Sitorus,Id Max,Fashion,1200000.0,3,28/07/2026,Transfer Bank,2026-07-28,Bogor,3.0,True
TRX00215,Ir. Reksa Thamrin,Aut Lite,Elektronik,50000.0,4,23/07/2026,E-Wallet,2026-07-23,Palangkaraya,3.0,True
TRX00467,Tantri Prabowo,Sunt,Rumah Tangga,15000.0,3,2026-08-24,Kartu Kredit,2026-08-24,Singkawang,4.0,True
TRX00122,Luis Prabowo,Fuga,Fashion,75000.0,3,16-08-2026,Transfer Bank,2026-08-16,Kendari,2.0,True
TRX00021,"R.M. Jono Kurniawan, S.Pd",Tempore Pro,Kesehatan,25000.0,5,02/08/2026,Kartu Kredit,2026-08-02,Bukittinggi,5.0,True
TRX00189,Victoria Tarihoran,Quam Pro,Olahraga,50000.0,3,2026-08-10,COD,2026-08-10,Pekalongan,5.0,True
TRX00072,Maimunah Wulandari,Error Pro,Fashion,500000.0,4,03-08-2026,Kartu Kredit,2026-08-03,Surabaya,,True
TRX00107,Kariman Nainggolan,Blanditiis,Fashion,250000.0,4,09-07-2026,COD,2026-07-09,Pasuruan,3.0,True
TRX00271,Ozy Thamrin,Sint Lite,Buku,15000.0,4,15/09/2026,COD,2026-09-15,Subulussalam,,True
TRX00436,Jindra Suwarno,Deserunt Pro,Olahraga,50000.0,4,2026-07-04,COD,2026-07-04,Solok,3.0,True
TRX00103,"Dr. Prayitna Laksmiwati, M.M.",Nostrum Lite,Buku,25000.0,4,31-08-2026,Transfer Bank,2026-08-31,Madiun,1.0,True
